{
    "means": {
        "shape": [
            307128,
            3
        ],
        "dtype": "float32",
        "mins": [
            -0.9301150414096437,
            -1.3301652313761516,
            -0.4554133838214941
        ],
        "maxs": [
            0.9301150414096437,
            0.2590264658642953,
            0.45541334602107697
        ],
        "files": [
            "means_l_1.webp",
            "means_u_1.webp"
        ]
    },
    "scales": {
        "shape": [
            307128,
            3
        ],
        "dtype": "float32",
        "mins": [
            -12.92127513885498,
            -15.451732635498047,
            -13.233880043029785
        ],
        "maxs": [
            -1.051078200340271,
            -1.254453420639038,
            -0.9433848857879639
        ],
        "files": [
            "scales_1.webp"
        ]
    },
    "quats": {
        "shape": [
            307128,
            4
        ],
        "dtype": "uint8",
        "encoding": "quaternion_packed",
        "files": [
            "quats_1.webp"
        ]
    },
    "sh0": {
        "shape": [
            307128,
            1,
            4
        ],
        "dtype": "float32",
        "mins": [
            -2.005241870880127,
            -2.3660991191864014,
            -2.438861131668091,
            -4.139158725738525
        ],
        "maxs": [
            3.430694103240967,
            2.5441253185272217,
            3.2514920234680176,
            5.537334442138672
        ],
        "files": [
            "sh0_1.webp"
        ]
    }
}