{"version":2,"count":98807,"means":{"mins":[-0.08419080342599791,-0.024939596455798088,-0.2644476226099457],"maxs":[0.25682484672537315,0.14363737295076076,0.2602708090763418],"files":["means_l.webp","means_u.webp"]},"scales":{"codebook":[-12.491223335266113,-12.014899253845215,-11.325736045837402,-11.151448249816895,-11.079578399658203,-10.857958793640137,-10.80887508392334,-10.771458625793457,-10.727008819580078,-10.669079780578613,-10.648061752319336,-10.608490943908691,-10.571133613586426,-10.528288841247559,-10.491570472717285,-10.450606346130371,-10.41102123260498,-10.373757362365723,-10.33581829071045,-10.297464370727539,-10.257522583007812,-10.219883918762207,-10.180421829223633,-10.140685081481934,-10.098465919494629,-10.054669380187988,-10.015246391296387,-9.97625732421875,-9.93646240234375,-9.895962715148926,-9.856815338134766,-9.819026947021484,-9.785057067871094,-9.757878303527832,-9.734458923339844,-9.702605247497559,-9.66790771484375,-9.640473365783691,-9.624963760375977,-9.617091178894043,-9.601439476013184,-9.57837963104248,-9.55520248413086,-9.531638145446777,-9.504432678222656,-9.468733787536621,-9.429756164550781,-9.39426040649414,-9.36756420135498,-9.351607322692871,-9.336087226867676,-9.316571235656738,-9.289101600646973,-9.257676124572754,-9.230541229248047,-9.195521354675293,-9.156499862670898,-9.117751121520996,-9.078770637512207,-9.039389610290527,-8.999953269958496,-8.960891723632812,-8.92552375793457,-8.898355484008789,-8.866985321044922,-8.827680587768555,-8.788989067077637,-8.7575044631958,-8.734762191772461,-8.706915855407715,-8.68354606628418,-8.664200782775879,-8.644383430480957,-8.625113487243652,-8.605498313903809,-8.585610389709473,-8.562346458435059,-8.543328285217285,-8.523414611816406,-8.50027084350586,-8.476632118225098,-8.456984519958496,-8.445247650146484,-8.429303169250488,-8.40615177154541,-8.375433921813965,-8.335650444030762,-8.296989440917969,-8.257594108581543,-8.230423927307129,-8.21105670928955,-8.195195198059082,-8.183839797973633,-8.16391372680664,-8.14065170288086,-8.113189697265625,-8.085765838623047,-8.054586410522461,-8.01939582824707,-7.991338729858398,-7.9667205810546875,-7.945487976074219,-7.920005798339844,-7.886494159698486,-7.851287841796875,-7.816140174865723,-7.783360004425049,-7.753934860229492,-7.722827911376953,-7.687238693237305,-7.6519694328308105,-7.617469787597656,-7.581725597381592,-7.549155235290527,-7.519607067108154,-7.494160175323486,-7.466862678527832,-7.435365676879883,-7.406192779541016,-7.377050399780273,-7.345381259918213,-7.316483974456787,-7.294780731201172,-7.277477264404297,-7.257874488830566,-7.2402520179748535,-7.220846176147461,-7.1973772048950195,-7.17203950881958,-7.1465325355529785,-7.121066093444824,-7.09375524520874,-7.064654350280762,-7.031123161315918,-6.995931625366211,-6.962814807891846,-6.933436870574951,-6.904381275177002,-6.874806880950928,-6.842005252838135,-6.80302095413208,-6.763980865478516,-6.7248430252075195,-6.685876846313477,-6.65010404586792,-6.6229634284973145,-6.5995378494262695,-6.574103355407715,-6.546971321105957,-6.517739295959473,-6.482569694519043,-6.446993350982666,-6.419912815093994,-6.396381378173828,-6.373116493225098,-6.349844455718994,-6.32639741897583,-6.300815582275391,-6.271687030792236,-6.240268230438232,-6.206920623779297,-6.175775527954102,-6.148798942565918,-6.119099140167236,-6.0880208015441895,-6.054847717285156,-6.017838478088379,-5.978486061096191,-5.939946174621582,-5.9000563621521,-5.8615803718566895,-5.822338581085205,-5.783390998840332,-5.742125988006592,-5.70178747177124,-5.66196346282959,-5.627100944519043,-5.597676753997803,-5.568763732910156,-5.5347490310668945,-5.499443531036377,-5.463136672973633,-5.425835132598877,-5.389448165893555,-5.349666595458984,-5.311936378479004,-5.273871898651123,-5.239698886871338,-5.208475112915039,-5.179131031036377,-5.151510715484619,-5.115756511688232,-5.077660083770752,-5.0369181632995605,-5.000179290771484,-4.960509300231934,-4.922219753265381,-4.878413677215576,-4.835628986358643,-4.794630527496338,-4.756311416625977,-4.720949172973633,-4.683198928833008,-4.6425461769104,-4.6059675216674805,-4.562811374664307,-4.526294231414795,-4.4811177253723145,-4.443662166595459,-4.409384250640869,-4.372366428375244,-4.333221912384033,-4.292106628417969,-4.255788803100586,-4.209035873413086,-4.175209999084473,-4.138476848602295,-4.095041751861572,-4.058870792388916,-4.028582572937012,-3.9667959213256836,-3.933073043823242,-3.9026362895965576,-3.8690690994262695,-3.8254120349884033,-3.7853729724884033,-3.739668607711792,-3.7032980918884277,-3.665769577026367,-3.627777338027954,-3.5870728492736816,-3.545037031173706,-3.502504348754883,-3.469590663909912,-3.4276254177093506,-3.392742395401001,-3.341304063796997,-3.3147239685058594,-3.2737390995025635,-3.2220888137817383,-3.1989734172821045,-3.1531572341918945,-3.115887403488159,-3.063243865966797,-3.03283429145813,-3.0065126419067383,-2.9608869552612305,-2.923562526702881,-2.8440232276916504,-2.7608518600463867,-2.728562831878662,-2.6904983520507812,-2.6420488357543945,-2.622997999191284,-2.5823376178741455,-2.4881157875061035],"files":["scales.webp"]},"quats":{"files":["quats.webp"]},