{"version":2,"intensity":0.14,"info":{"face":"roboto-extralight","maps":[{"width":1024,"height":512}]},"chars":{"32":{"id":32,"letter":" ","x":1,"y":1,"width":64,"height":64,"map":0,"xadvance":7.71875,"xoffset":31.5,"yoffset":31.5,"scale":1,"range":8},"33":{"id":33,"letter":"!","x":67,"y":1,"width":64,"height":64,"map":0,"xadvance":6.59375,"xoffset":28.625,"yoffset":20.6796875,"scale":1,"range":8,"bounds":[2.34375,-0.109375,4.40625,22.75]},"34":{"id":34,"letter":"\"","x":133,"y":1,"width":64,"height":64,"map":0,"xadvance":8.546875,"xoffset":27.4296875,"yoffset":11.3515625,"scale":1,"range":8,"bounds":[2.296875,17.296875,6.84375,24]},"35":{"id":35,"letter":"#","x":199,"y":1,"width":64,"height":64,"map":0,"xadvance":17.9375,"xoffset":22.28125,"yoffset":20.625,"scale":1,"range":8,"bounds":[1,0,18.4375,22.75]},"36":{"id":36,"letter":"$","x":265,"y":1,"width":64,"height":64,"map":0,"xadvance":17.609375,"xoffset":23.1875,"yoffset":20.5859375,"scale":1,"range":8,"bounds":[1.859375,-3.25,15.765625,26.078125]},"37":{"id":37,"letter":"%","x":331,"y":1,"width":64,"height":64,"map":0,"xadvance":23.78125,"xoffset":20.0859375,"yoffset":20.625,"scale":1,"range":8,"bounds":[1.75,-0.328125,22.078125,23.078125]},"38":{"id":38,"letter":"&","x":397,"y":1,"width":64,"height":64,"map":0,"xadvance":19.5625,"xoffset":21.671875,"yoffset":20.6171875,"scale":1,"range":8,"bounds":[1.75,-0.3125,18.90625,23.078125]},"39":{"id":39,"letter":"'","x":463,"y":1,"width":64,"height":64,"map":0,"xadvance":5.375,"xoffset":29.3359375,"yoffset":11.328125,"scale":1,"range":8,"bounds":[2.03125,17.34375,3.296875,24]},"40":{"id":40,"letter":"(","x":529,"y":1,"width":64,"height":64,"map":0,"xadvance":9.765625,"xoffset":26.203125,"yoffset":22.9609375,"scale":1,"range":8,"bounds":[2.265625,-7.34375,9.328125,25.421875]},"41":{"id":41,"letter":")","x":595,"y":1,"width":64,"height":64,"map":0,"xadvance":10.015625,"xoffset":28,"yoffset":22.9609375,"scale":1,"range":8,"bounds":[0.46875,-7.34375,7.53125,25.421875]},"42":{"id":42,"letter":"*","x":661,"y":1,"width":64,"height":64,"map":0,"xadvance":13.453125,"xoffset":25.234375,"yoffset":15.53125,"scale":1,"range":8,"bounds":[0.46875,10.1875,13.0625,22.75]},"43":{"id":43,"letter":"+","x":727,"y":1,"width":64,"height":64,"map":0,"xadvance":18.015625,"xoffset":23.046875,"yoffset":21.4375,"scale":1,"range":8,"bounds":[1.15625,2.28125,16.75,18.84375]},"44":{"id":44,"letter":",","x":793,"y":1,"width":64,"height":64,"map":0,"xadvance":6.046875,"xoffset":29.4296875,"yoffset":32.7109375,"scale":1,"range":8,"bounds":[1.25,-4.09375,3.890625,2.671875]},"45":{"id":45,"letter":"-","x":859,"y":1,"width":64,"height":64,"map":0,"xadvance":9.359375,"xoffset":27.4140625,"yoffset":21.7421875,"scale":1,"range":8,"bounds":[0.890625,9.6875,8.28125,10.828125]},"46":{"id":46,"letter":".","x":925,"y":1,"width":64,"height":64,"map":0,"xadvance":7.171875,"xoffset":28.6640625,"yoffset":31.078125,"scale":1,"range":8,"bounds":[2.28125,-0.109375,4.390625,1.953125]},"47":{"id":47,"letter":"/","x":1,"y":67,"width":64,"height":64,"map":0,"xadvance":12.40625,"xoffset":26.046875,"yoffset":21.6015625,"scale":1,"range":8,"bounds":[0.59375,-1.953125,11.3125,22.75]},"48":{"id":48,"letter":"0","x":67,"y":67,"width":64,"height":64,"map":0,"xadvance":17.609375,"xoffset":23.1953125,"yoffset":20.6171875,"scale":1,"range":8,"bounds":[1.921875,-0.3125,15.6875,23.078125]},"49":{"id":49,"letter":"1","x":133,"y":67,"width":64,"height":64,"map":0,"xadvance":17.609375,"xoffset":25.3046875,"yoffset":20.5859375,"scale":1,"range":8,"bounds":[2.875,0,10.515625,22.828125]},"50":{"id":50,"letter":"2","x":199,"y":67,"width":64,"height":64,"map":0,"xadvance":17.609375,"xoffset":23.0390625,"yoffset":20.46875,"scale":1,"range":8,"bounds":[1.765625,0,16.15625,23.0625]},"51":{"id":51,"letter":"3","x":265,"y":67,"width":64,"height":64,"map":0,"xadvance":17.609375,"xoffset":23.328125,"yoffset":20.625,"scale":1,"range":8,"bounds":[1.578125,-0.3125,15.765625,23.0625]},"52":{"id":52,"letter":"4","x":331,"y":67,"width":64,"height":64,"map":0,"xadvance":17.609375,"xoffset":22.84375,"yoffset":20.625,"scale":1,"range":8,"bounds":[1.1875,0,17.125,22.75]},"53":{"id":53,"letter":"5","x":397,"y":67,"width":64,"height":64,"map":0,"xadvance":17.609375,"xoffset":22.546875,"yoffset":20.78125,"scale":1,"range":8,"bounds":[2.765625,-0.3125,16.140625,22.75]},"54":{"id":54,"letter":"6","x":463,"y":67,"width":64,"height":64,"map":0,"xadvance":17.609375,"xoffset":23.015625,"yoffset":20.65625,"scale":1,"range":8,"bounds":[2.015625,-0.3125,15.953125,23]},"55":{"id":55,"letter":"7","x":529,"y":67,"width":64,"height":64,"map":0,"xadvance":17.609375,"xoffset":23.4453125,"yoffset":20.625,"scale":1,"range":8,"bounds":[1.203125,0,15.90625,22.75]},"56":{"id":56,"letter":"8","x":595,"y":67,"width":64,"height":64,"map":0,"xadvance":17.609375,"xoffset":23.1484375,"yoffset":20.625,"scale":1,"range":8,"bounds":[1.609375,-0.3125,16.09375,23.0625]},"57":{"id":57,"letter":"9","x":661,"y":67,"width":64,"height":64,"map":0,"xadvance":17.609375,"xoffset":23.4140625,"yoffset":20.59375,"scale":1,"range":8,"bounds":[1.59375,-0.25,15.578125,23.0625]},"58":{"id":58,"letter":":","x":727,"y":67,"width":64,"height":64,"map":0,"xadvance":6.09375,"xoffset":29.015625,"yoffset":23.6796875,"scale":1,"range":8,"bounds":[1.890625,-0.109375,4.078125,16.75]},"59":{"id":59,"letter":";","x":793,"y":67,"width":64,"height":64,"map":0,"xadvance":5.890625,"xoffset":29.421875,"yoffset":25.671875,"scale":1,"range":8,"bounds":[1.140625,-4.09375,4.015625,16.75]},"60":{"id":60,"letter":"<","x":859,"y":67,"width":64,"height":64,"map":0,"xadvance":16.421875,"xoffset":24.2421875,"yoffset":21.65625,"scale":1,"range":8,"bounds":[1.25,3.890625,14.265625,16.796875]},"61":{"id":61,"letter":"=","x":925,"y":67,"width":64,"height":64,"map":0,"xadvance":17.78125,"xoffset":23.171875,"yoffset":21.5234375,"scale":1,"range":8,"bounds":[2.3125,6.703125,15.34375,14.25]},"62":{"id":62,"letter":">","x":1,"y":133,"width":64,"height":64,"map":0,"xadvance":16.515625,"xoffset":23.59375,"yoffset":21.6171875,"scale":1,"range":8,"bounds":[1.84375,3.9375,14.96875,16.828125]},"63":{"id":63,"letter":"?","x":67,"y":133,"width":64,"height":64,"map":0,"xadvance":14.1875,"xoffset":24.9140625,"yoffset":20.5234375,"scale":1,"range":8,"bounds":[1.390625,-0.109375,12.78125,23.0625]},"64":{"id":64,"letter":"@","x":133,"y":133,"width":64,"height":64,"map":0,"xadvance":29.53125,"xoffset":17.256558405,"yoffset":24.484375,"scale":1,"range":8,"bounds":[1.94805743243,-7.078125,27.5388257576,22.109375]},"65":{"id":65,"letter":"A","x":199,"y":133,"width":64,"height":64,"map":0,"xadvance":19.453125,"xoffset":22.2734375,"yoffset":20.625,"scale":1,"range":8,"bounds":[0.5,0,18.953125,22.75]},"66":{"id":66,"letter":"B","x":265,"y":133,"width":64,"height":64,"map":0,"xadvance":19.421875,"xoffset":21.640625,"yoffset":20.625,"scale":1,"range":8,"bounds":[3.03125,0,17.6875,22.75]},"67":{"id":67,"letter":"C","x":331,"y":133,"width":64,"height":64,"map":0,"xadvance":20.75,"xoffset":21.5390625,"yoffset":20.625,"scale":1,"range":8,"bounds":[2.171875,-0.3125,18.75,23.0625]},"68":{"id":68,"letter":"D","x":397,"y":133,"width":64,"height":64,"map":0,"xadvance":20.953125,"xoffset":21.046875,"yoffset":20.625,"scale":1,"range":8,"bounds":[3.03125,0,18.875,22.75]},"69":{"id":69,"letter":"E","x":463,"y":133,"width":64,"height":64,"map":0,"xadvance":18.21875,"xoffset":21.984375,"yoffset":20.625,"scale":1,"range":8,"bounds":[3.03125,0,17,22.75]},"70":{"id":70,"letter":"F","x":529,"y":133,"width":64,"height":64,"map":0,"xadvance":18.1875,"xoffset":21.921875,"yoffset":20.625,"scale":1,"range":8,"bounds":[3.03125,0,17.125,22.75]},"71":{"id":71,"letter":"G","x":595,"y":133,"width":64,"height":64,"map":0,"xadvance":21.9375,"xoffset":21.1484375,"yoffset":20.625,"scale":1,"range":8,"bounds":[2.484375,-0.3125,19.21875,23.0625]},"72":{"id":72,"letter":"H","x":661,"y":133,"width":64,"height":64,"map":0,"xadvance":22.53125,"xoffset":20.734375,"yoffset":20.625,