{"info":{"face":"Arial","width":512,"height":256},"chars":{"32":{"id":32,"letter":" ","x":443,"y":35,"width":32,"height":32,"xadvance":8.890625,"xoffset":0.0714285714286,"yoffset":0.0714285714286,"scale":28,"range":0.0714285714286},"33":{"id":33,"letter":"!","x":477,"y":35,"width":32,"height":32,"xadvance":8.890625,"xoffset":8.59709821429,"yoffset":1.63616071429,"scale":1.22237380628,"range":1.63616071429},"34":{"id":34,"letter":"\"","x":1,"y":69,"width":32,"height":32,"xadvance":11.359375,"xoffset":-0.869419642857,"yoffset":-14.0569196429,"scale":3.33705772812,"range":0.599330357143},"35":{"id":35,"letter":"#","x":35,"y":69,"width":32,"height":32,"xadvance":17.796875,"xoffset":4.67633928571,"yoffset":2.08258928571,"scale":1.18205804749,"range":1.69196428571},"36":{"id":36,"letter":"$","x":69,"y":69,"width":32,"height":32,"xadvance":17.796875,"xoffset":7.45982142857,"yoffset":5.31919642857,"scale":0.988962472406,"range":2.02232142857},"37":{"id":37,"letter":"%","x":103,"y":69,"width":32,"height":32,"xadvance":28.453125,"xoffset":-0.100446428571,"yoffset":2.84486607143,"scale":1.13705583756,"range":1.75892857143},"38":{"id":38,"letter":"&","x":137,"y":69,"width":32,"height":32,"xadvance":21.34375,"xoffset":2.62388392857,"yoffset":2.23325892857,"scale":1.17508196721,"range":1.70200892857},"39":{"id":39,"letter":"'","x":171,"y":69,"width":32,"height":32,"xadvance":6.109375,"xoffset":1.62611607143,"yoffset":-14.2176339286,"scale":3.4527938343,"range":0.579241071429},"40":{"id":40,"letter":"(","x":205,"y":69,"width":32,"height":32,"xadvance":10.65625,"xoffset":11.4419642857,"yoffset":8.87946428571,"scale":0.932362122789,"range":2.14508928571},"41":{"id":41,"letter":")","x":239,"y":69,"width":32,"height":32,"xadvance":10.65625,"xoffset":11.4419642857,"yoffset":8.87946428571,"scale":0.932362122789,"range":2.14508928571},"42":{"id":42,"letter":"*","x":273,"y":69,"width":32,"height":32,"xadvance":12.453125,"xoffset":-0.262276785714,"yoffset":-12.5200892857,"scale":2.71104387292,"range":0.737723214286},"43":{"id":43,"letter":"+","x":307,"y":69,"width":32,"height":32,"xadvance":18.6875,"xoffset":-0.691964285714,"yoffset":-2.62165178571,"scale":1.84932920537,"range":1.08147321429},"44":{"id":44,"letter":",","x":341,"y":69,"width":32,"height":32,"xadvance":8.890625,"xoffset":0.0680803571429,"yoffset":5.08370535714,"scale":3.6202020202,"range":0.552455357143},"45":{"id":45,"letter":"-","x":375,"y":69,"width":32,"height":32,"xadvance":10.65625,"xoffset":-0.3984375,"yoffset":-3.3515625,"scale":3.24050632911,"range":0.6171875},"46":{"id":46,"letter":".","x":409,"y":69,"width":32,"height":32,"xadvance":8.890625,"xoffset":-2.67745535714,"yoffset":0.228794642857,"scale":8.74146341463,"range":0.228794642857},"47":{"id":47,"letter":"/","x":443,"y":69,"width":32,"height":32,"xadvance":8.890625,"xoffset":9.09040178571,"yoffset":2.08258928571,"scale":1.18205804749,"range":1.69196428571},"48":{"id":48,"letter":"0","x":477,"y":69,"width":32,"height":32,"xadvance":17.796875,"xoffset":4.56919642857,"yoffset":2.06138392857,"scale":1.19706078824,"range":1.67075892857},"49":{"id":49,"letter":"1","x":1,"y":103,"width":32,"height":32,"xadvance":17.796875,"xoffset":5.43973214286,"yoffset":1.64285714286,"scale":1.21739130435,"range":1.64285714286},"50":{"id":50,"letter":"2","x":35,"y":103,"width":32,"height":32,"xadvance":17.796875,"xoffset":4.60504464286,"yoffset":1.64285714286,"scale":1.21739130435,"range":1.64285714286},"51":{"id":51,"letter":"3","x":69,"y":103,"width":32,"height":32,"xadvance":17.796875,"xoffset":4.53125,"yoffset":2.078125,"scale":1.19626168224,"range":1.671875},"52":{"id":52,"letter":"4","x":103,"y":103,"width":32,"height":32,"xadvance":17.796875,"xoffset":4.76116071429,"yoffset":1.63616071429,"scale":1.22237380628,"range":1.63616071429},"53":{"id":53,"letter":"5","x":137,"y":103,"width":32,"height":32,"xadvance":17.796875,"xoffset":4.21205357143,"yoffset":2.03236607143,"scale":1.21821889871,"range":1.64174107143},"54":{"id":54,"letter":"6","x":171,"y":103,"width":32,"height":32,"xadvance":17.796875,"xoffset":4.60044642857,"yoffset":2.06138392857,"scale":1.19706078824,"range":1.67075892857},"55":{"id":55,"letter":"7","x":205,"y":103,"width":32,"height":32,"xadvance":17.796875,"xoffset":3.98995535714,"yoffset":1.61495535714,"scale":1.23842432619,"range":1.61495535714},"56":{"id":56,"letter":"8","x":239,"y":103,"width":32,"height":32,"xadvance":17.796875,"xoffset":4.52232142857,"yoffset":2.06138392857,"scale":1.19706078824,"range":1.67075892857},"57":{"id":57,"letter":"9","x":273,"y":103,"width":32,"height":32,"xadvance":17.796875,"xoffset":4.50669642857,"yoffset":2.06138392857,"scale":1.19706078824,"range":1.67075892857},"58":{"id":58,"letter":":","x":307,"y":103,"width":32,"height":32,"xadvance":8.890625,"xoffset":4.98995535714,"yoffset":1.18526785714,"scale":1.68738229755,"range":1.18526785714},"59":{"id":59,"letter":";","x":341,"y":103,"width":32,"height":32,"xadvance":8.890625,"xoffset":7.71986607143,"yoffset":6.04017857143,"scale":1.32544378698,"range":1.50892857143},"60":{"id":60,"letter":"<","x":375,"y":103,"width":32,"height":32,"xadvance":18.6875,"xoffset":-0.469866071429,"yoffset":-2.42299107143,"scale":1.80463242699,"range":1.10825892857},"61":{"id":61,"letter":"=","x":409,"y":103,"width":32,"height":32,"xadvance":18.6875,"xoffset":-0.700892857143,"yoffset":-2.66183035714,"scale":1.85123966942,"range":1.08035714286},"62":{"id":62,"letter":">","x":443,"y":103,"width":32,"height":32,"xadvance":18.6875,"xoffset":-0.469866071429,"yoffset":-2.42299107143,"scale":1.80463242699,"range":1.10825892857},"63":{"id":63,"letter":"?","x":477,"y":103,"width":32,"height":32,"xadvance":17.796875,"xoffset":4.515625,"yoffset":1.6640625,"scale":1.20187793427,"range":1.6640625},"64":{"id":64,"letter":"@","x":1,"y":137,"width":32,"height":32,"xadvance":32.484375,"xoffset":0.647321428571,"yoffset":8.88169642857,"scale":0.931392931393,"range":2.14732142857},"65":{"id":65,"letter":"A","x":35,"y":137,"width":32,"height":32,"xadvance":21.34375,"xoffset":2.41741071429,"yoffset":1.63616071429,"scale":1.22237380628,"range":1.63616071429},"66":{"id":66,"letter":"B","x":69,"y":137,"width":32,"height":32,"xadvance":21.34375,"xoffset":2.09709821429,"yoffset":1.63616071429,"scale":1.22237380628,"range":1.63616071429},"67":{"id":67,"letter":"C","x":103,"y":137,"width":32,"height":32,"xadvance":23.109375,"xoffset":1.81696428571,"yoffset":2.08258928571,"scale":1.18205804749,"range":1.69196428571},"68":{"id":68,"letter":"D","x":137,"y":137,"width":32,"height":32,"xadvance":23.109375,"xoffset":1.15178571429,"yoffset":1.63616071429,"scale":1.22237380628,"range":1.63616071429},"69":{"id":69,"letter":"E","x":171,"y":137,"width":32,"height":32,"xadvance":21.34375,"xoffset":2.01116071429,"yoffset":1.63616071429,"scale":1.22237380628,"range":1.63616071429},"70":{"id":70,"letter":"F","x":205,"y":137,"width":32,"height":32,"xadvance":19.546875,"xoffset":2.73772321429,"yoffset":1.63616071429,"scale":1.22237380628,"range":1.63616071429},"71":{"id":71,"letter":"G","x":239,"y":137,"width":32,"height":32,"xadvance":24.890625,"xoffset":1.23883928571,"yoffset":2.08258928571,"scale":1.18205804749,"range":1.69196428571},"72":{"id":72,"letter":"H","x":273,"y":137,"width":32,"height":32,"xadvance":23.109375,"xoffset":1.54241071429,"yoffset":1.63616071429,"scale":1.22237380628,"range":1.63616071429},"73":{"id":73,"letter":"I","x":307,"y":137,"width":32,"height":32,"xadvance":8.890625,"xoffset":8.58928571429,"yoffset":1.63616071429,"scale":1.22237380628,"range":1.63616071429},"74":{"id":74,"letter":"J","x":341,"y":137,"width":32,"height":32,"xadvance":16,"xoffset":6.09492370892,"yoffset":2.0546875,"scale":1.20187793427,"range":1.6640625},"75":{"id":75,"letter":"K","x":375,"y":137,"width":32,"height":32,"xadvance":21.34375,"xoffset":1.27678571429,"yoffset":1.63616071429,"scale":1.22237380628,"range":1.63616071429},"76":{"id":76,"letter":"L","x":409,"y":137,"width":32,"height":32,"xadvance":17.796875,