{"version":2,"count":139609,"means":{"mins":[-0.26784263324548435,-0.024939169515694026,-0.2644528385870876],"maxs":[0.111587377317989,0.17885933528406292,0.2602708550221524],"files":["means_l.webp","means_u.webp"]},"scales":{"codebook":[-12.923836708068848,-12.020573616027832,-11.940893173217773,-11.652841567993164,-11.287077903747559,-11.203176498413086,-10.91688346862793,-10.875730514526367,-10.827648162841797,-10.818129539489746,-10.765527725219727,-10.704310417175293,-10.647644996643066,-10.606477737426758,-10.567249298095703,-10.529406547546387,-10.490754127502441,-10.455984115600586,-10.425338745117188,-10.394025802612305,-10.371159553527832,-10.343533515930176,-10.304636001586914,-10.265124320983887,-10.226468086242676,-10.187519073486328,-10.152413368225098,-10.124945640563965,-10.097742080688477,-10.062575340270996,-10.027351379394531,-10.000250816345215,-9.980385780334473,-9.960417747497559,-9.94146728515625,-9.917582511901855,-9.89046573638916,-9.862998008728027,-9.835762977600098,-9.82020378112793,-9.812539100646973,-9.79669189453125,-9.781351089477539,-9.769603729248047,-9.754022598266602,-9.734436988830566,-9.710976600646973,-9.68752670288086,-9.667977333068848,-9.64047622680664,-9.605484962463379,-9.574390411376953,-9.540101051330566,-9.507719039916992,-9.480245590209961,-9.453161239624023,-9.425248146057129,-9.397984504699707,-9.382798194885254,-9.36331558227539,-9.32848072052002,-9.28939437866211,-9.258071899414062,-9.234626770019531,-9.211250305175781,-9.187919616699219,-9.160414695739746,-9.125198364257812,-9.086325645446777,-9.047477722167969,-9.008026123046875,-8.976814270019531,-8.95283317565918,-8.933736801147461,-8.910511016845703,-8.878965377807617,-8.843531608581543,-8.801115989685059,-8.757786750793457,-8.718626022338867,-8.679439544677734,-8.636859893798828,-8.593777656555176,-8.562275886535645,-8.538666725158691,-8.515691757202148,-8.48843765258789,-8.460709571838379,-8.437546730041504,-8.414077758789062,-8.39459228515625,-8.374799728393555,-8.344141006469727,-8.304388046264648,-8.269429206848145,-8.238654136657715,-8.210794448852539,-8.187387466430664,-8.164142608642578,-8.13708209991455,-8.10155963897705,-8.070342063903809,-8.04688835144043,-8.019792556762695,-7.983312606811523,-7.943315029144287,-7.91016149520874,-7.882706642150879,-7.859281539916992,-7.835920333862305,-7.80851936340332,-7.7811784744262695,-7.753904819488525,-7.72480583190918,-7.695060729980469,-7.6680684089660645,-7.6406145095825195,-7.61514949798584,-7.589851379394531,-7.56055212020874,-7.5272016525268555,-7.49602746963501,-7.472615718841553,-7.452994346618652,-7.4339118003845215,-7.4139485359191895,-7.392537593841553,-7.369171619415283,-7.345489978790283,-7.320224761962891,-7.294747352600098,-7.269679546356201,-7.240411281585693,-7.207015037536621,-7.177583694458008,-7.1581621170043945,-7.14647912979126,-7.134797096252441,-7.119115352630615,-7.101497650146484,-7.0839056968688965,-7.068362236022949,-7.0488386154174805,-7.023525238037109,-6.999978065490723,-6.9787278175354,-6.951193332672119,-6.918004512786865,-6.88691520690918,-6.861242771148682,-6.8437886238098145,-6.828165531158447,-6.808828830718994,-6.791017532348633,-6.771659851074219,-6.744187355041504,-6.7130351066589355,-6.679987907409668,-6.648733615875244,-6.617729663848877,-6.58599853515625,-6.5601654052734375,-6.539167404174805,-6.517320156097412,-6.494226455688477,-6.466976165771484,-6.431740760803223,-6.390693664550781,-6.349997043609619,-6.310671806335449,-6.269815921783447,-6.228664875030518,-6.187498569488525,-6.150294303894043,-6.125061511993408,-6.103708744049072,-6.076241493225098,-6.046606063842773,-6.017858982086182,-5.982763290405273,-5.940823078155518,-5.900415897369385,-5.861391544342041,-5.8254570960998535,-5.791780471801758,-5.758744239807129,-5.723127841949463,-5.687787055969238,-5.651810646057129,-5.615258693695068,-5.5746331214904785,-5.533458709716797,-5.495155334472656,-5.454964637756348,-5.412659168243408,-5.3710036277771,-5.330211639404297,-5.289223670959473,-5.248686790466309,-5.207125663757324,-5.166484832763672,-5.124673843383789,-5.0839762687683105,-5.046092510223389,-5.007604598999023,-4.965355396270752,-4.921690940856934,-4.878227233886719,-4.836272716522217,-4.792612075805664,-4.753204822540283,-4.719332218170166,-4.6792216300964355,-4.636440277099609,-4.597160339355469,-4.548901081085205,-4.503360748291016,-4.4640655517578125,-4.429755210876465,-4.3916449546813965,-4.34898042678833,-4.31166934967041,-4.266702651977539,-4.2322163581848145,-4.189351558685303,-4.144259929656982,-4.103315830230713,-4.070009231567383,-4.022366523742676,-3.982618808746338,-3.9382829666137695,-3.904465675354004,-3.8574650287628174,-3.828500986099243,-3.782421112060547,-3.741600513458252,-3.698639154434204,-3.6529700756073,-3.6115972995758057,-3.584228754043579,-3.552487850189209,-3.496534585952759,-3.4470880031585693,-3.4218270778656006,-3.368959665298462,-3.347597122192383,-3.2955543994903564,-3.237903594970703,-3.21097731590271,-3.1489174365997314,-3.1136810779571533,-3.0357370376586914,-2.971500873565674,-2.8695592880249023,-2.6703946590423584,-2.5141570568084717],"files":["scales.webp"]},"quats":{"files":["quats.webp"]},