{"lodLevels":7,"environment":null,"filenames":["0_0/meta.json","2_0/meta.json","1_0/meta.json","3_0/meta.json","5_0/meta.json","4_0/meta.json","6_0/meta.json"],"tree":{"bound":{"min":[-1.033496,-1.083135,-1.039343],"max":[1.03509,0.05205518,1.042389]},"children":[{"bound":{"min":[-1.030339,-1.069633,-1.039343],"max":[1.03509,0.05205518,0.3995248]},"lods":{"0":{"file":0,"offset":0,"count":248155},"1":{"file":2,"offset":0,"count":125695},"2":{"file":1,"offset":0,"count":63549},"3":{"file":3,"offset":0,"count":15508},"4":{"file":5,"offset":0,"count":4282},"5":{"file":4,"offset":0,"count":1499},"6":{"file":6,"offset":0,"count":951}}},{"bound":{"min":[-1.033496,-1.083135,-0.395291],"max":[1.034186,0.05195393,1.042389]},"lods":{"0":{"file":0,"offset":248155,"count":251845},"1":{"file":2,"offset":125695,"count":124305},"2":{"file":1,"offset":63549,"count":61451},"3":{"file":3,"offset":15508,"count":15492},"4":{"file":5,"offset":4282,"count":4124},"5":{"file":4,"offset":1499,"count":1501},"6":{"file":6,"offset":951,"count":922}}}]}}