{"version":2,"count":75190,"means":{"mins":[-0.2678355425397978,-0.024939551036646745,-0.26444977305995826],"maxs":[0.256842204885948,0.2200781592879041,0.2602664671877151],"files":["means_l.webp","means_u.webp"]},"scales":{"codebook":[-13.442087173461914,-11.498991012573242,-11.37359619140625,-11.247795104980469,-11.213244438171387,-11.169872283935547,-11.132231712341309,-10.975863456726074,-10.956429481506348,-10.897858619689941,-10.850327491760254,-10.801936149597168,-10.76514720916748,-10.719573020935059,-10.678460121154785,-10.62037467956543,-10.574868202209473,-10.522554397583008,-10.474499702453613,-10.436673164367676,-10.396647453308105,-10.358148574829102,-10.311250686645508,-10.260787010192871,-10.218504905700684,-10.186235427856445,-10.160192489624023,-10.121196746826172,-10.074885368347168,-10.026915550231934,-9.983369827270508,-9.944037437438965,-9.905248641967773,-9.874804496765137,-9.851207733154297,-9.827805519104004,-9.804576873779297,-9.781338691711426,-9.761813163757324,-9.742279052734375,-9.71871566772461,-9.703139305114746,-9.695212364196777,-9.679844856262207,-9.656171798706055,-9.632835388183594,-9.617181777954102,-9.60543441772461,-9.582889556884766,-9.551495552062988,-9.527320861816406,-9.515717506408691,-9.49653434753418,-9.460716247558594,-9.416925430297852,-9.375866889953613,-9.344324111938477,-9.313170433044434,-9.278031349182129,-9.24993896484375,-9.222309112548828,-9.203119277954102,-9.18408203125,-9.156290054321289,-9.12921142578125,-9.101800918579102,-9.078228950500488,-9.05089282989502,-9.011788368225098,-8.964945793151855,-8.921733856201172,-8.882482528686523,-8.839275360107422,-8.800385475158691,-8.769355773925781,-8.741549491882324,-8.722737312316895,-8.69487476348877,-8.656211853027344,-8.61699390411377,-8.589683532714844,-8.566641807556152,-8.539399147033691,-8.51521110534668,-8.488704681396484,-8.457364082336426,-8.421236038208008,-8.382650375366211,-8.340152740478516,-8.293074607849121,-8.245820045471191,-8.203181266784668,-8.164102554321289,-8.125277519226074,-8.09376049041748,-8.070572853088379,-8.047123908996582,-8.019325256347656,-7.995101451873779,-7.976653099060059,-7.95693302154541,-7.935622215270996,-7.911910057067871,-7.884903430938721,-7.853661060333252,-7.820849418640137,-7.784876346588135,-7.749754905700684,-7.714860916137695,-7.679416656494141,-7.648584842681885,-7.62094259262085,-7.593554973602295,-7.5703043937683105,-7.550788879394531,-7.525604248046875,-7.494346618652344,-7.462685585021973,-7.4356794357299805,-7.409918785095215,-7.384578227996826,-7.361825466156006,-7.335635662078857,-7.308850288391113,-7.285097599029541,-7.265594482421875,-7.244174957275391,-7.22048807144165,-7.195056438446045,-7.1681084632873535,-7.140853404998779,-7.115457057952881,-7.0900349617004395,-7.062623977661133,-7.035339832305908,-7.00586462020874,-6.974543571472168,-6.9493021965026855,-6.925586223602295,-6.898191452026367,-6.8705854415893555,-6.845565319061279,-6.825911998748779,-6.814310073852539,-6.80277156829834,-6.787080764770508,-6.769367218017578,-6.752035617828369,-6.73637056350708,-6.716446399688721,-6.697240829467773,-6.68349552154541,-6.673957824707031,-6.663899898529053,-6.646648406982422,-6.6212544441223145,-6.589597225189209,-6.554731369018555,-6.519851207733154,-6.486109256744385,-6.455451011657715,-6.421579837799072,-6.385242462158203,-6.3419952392578125,-6.294988632202148,-6.249786853790283,-6.207257270812988,-6.162376880645752,-6.117493152618408,-6.078786849975586,-6.046921253204346,-6.017817497253418,-5.990042209625244,-5.965278625488281,-5.935998916625977,-5.906164646148682,-5.880653381347656,-5.8594584465026855,-5.836050033569336,-5.811124801635742,-5.7835211753845215,-5.7504563331604,-5.71319580078125,-5.671686172485352,-5.629402160644531,-5.590240001678467,-5.559064865112305,-5.5279765129089355,-5.490301609039307,-5.448975563049316,-5.406106472015381,-5.3596391677856445,-5.314537525177002,-5.270066261291504,-5.229253768920898,-5.192031383514404,-5.1566009521484375,-5.122490406036377,-5.08427095413208,-5.046637535095215,-5.0118794441223145,-4.9763569831848145,-4.945667743682861,-4.908957004547119,-4.8658857345581055,-4.819299221038818,-4.77678918838501,-4.733942985534668,-4.6924004554748535,-4.642617702484131,-4.602005481719971,-4.560154438018799,-4.511106967926025,-4.46291971206665,-4.420575141906738,-4.379698276519775,-4.338395118713379,-4.293839931488037,-4.245699405670166,-4.200748920440674,-4.160363674163818,-4.101118087768555,-4.059791564941406,-4.021492958068848,-3.9776711463928223,-3.931314468383789,-3.8886005878448486,-3.8433446884155273,-3.7972021102905273,-3.752880334854126,-3.7060768604278564,-3.653561592102051,-3.6130919456481934,-3.581068992614746,-3.548219680786133,-3.496825933456421,-3.4481897354125977,-3.4004082679748535,-3.3623852729797363,-3.309344530105591,-3.2551684379577637,-3.1996002197265625,-3.1677353382110596,-3.125617265701294,-3.0824618339538574,-3.0301313400268555,-2.9909873008728027,-2.954616069793701,-2.9029977321624756,-2.814145088195801,-2.7663490772247314,-2.710859775543213,-2.681185722351074,-2.5015203952789307,-2.404639720916748,-2.0659961700439453],"files":["scales.webp"]},"quats":{"files":["quats.webp"]},