{
    "model": {
        "version": 3,
        "mapping": [
            {
                "path": "material 1.json"
            }
        ],
        "nodes": [
            {
                "name": "RootNode",
                "position": [
                    0,
                    0,
                    0
                ],
                "rotation": [
                    0,
                    0,
                    0
                ],
                "scale": [
                    1,
                    1,
                    1
                ]
            },
            {
                "name": "mesh",
                "position": [
                    0,
                    0,
                    0
                ],
                "rotation": [
                    0,
                    0,
                    0
                ],
                "scale": [
                    0.01,
                    0.01,
                    0.01
                ]
            }
        ],
        "parents": [
            -1,
            0
        ],
        "skins": [],
        "vertices": [
            {
                "position": {
                    "type": "float32",
                    "components": 3,
                    "data": [
                        0.0000954122,
                        -6.92796,
                        -8.33599,
                        -12.3654,
                        21.5453,
                        11.595,
                        -19.9309,
                        21.5453,
                        4.0295,
                        0.0000954122,
                        -6.92796,
                        -8.33599,
                        12.3656,
                        21.5453,
                        -28.267,
                        19.9311,
                        21.5453,
                        -20.7015,
                        0.0000954122,
                        -6.92796,
                        -8.33599,
                        -12.3654,
                        21.5453,
                        -28.267,
                        0.0000954122,
                        -6.92796,
                        -8.33599,
                        -19.9309,
                        21.5453,
                        -20.7015,
                        -19.9309,
                        21.5453,
                        -20.7015,
                        0.0000954122,
                        -6.92796,
                        -8.33599,
                        -19.9309,
                        21.5453,
                        4.0295,
                        0.0000954122,
                        -6.92796,
                        -8.33599,
                        12.3656,
                        21.5453,
                        11.595,
                        0.0000954122,
                        -6.92796,
                        -8.33599,
                        19.9311,
                        21.5453,
                        4.02949,
                        19.9311,
                        21.5453,
                        4.02949,
                        0.0000954122,
                        -6.92796,
                        -8.33599,
                        19.9311,
                        21.5453,
                        -20.7015,
                        12.3656,
                        28.9141,
                        -20.7015,
                        19.9311,
                        21.5453,
                        -20.7015,
                        12.3656,
                        21.5453,
                        -28.267,
                        12.3656,
                        28.9141,
                        -20.7015,
                        -12.3654,
                        21.5453,
                        -28.267,
                        -12.3654,
                        28.9141,
                        -20.7015,
                        -12.3654,
                        28.9141,
                        -20.7015,
                        -19.9309,
                        21.5453,
                        -20.7015,
                        -12.3654,
                        28.9141,
                        -20.7015,
                        -19.9309,
                        21.5453,
                        4.0295,
                        -12.3654,
                        28.9141,
                        4.0295,
                        -12.3654,
                        28.9141,
                        4.0295,
                        -12.3654,
                        21.5453,
                        11.595,
                        -12.3654,
                        28.9141,
                        4.0295,
                        12.3656,
                        21.5453,
                        11.595,
                        12.3656,
                        28.9141,
                        4.02949,
                        12.3656,
                        28.9141,
                        4.02949,
                        19.9311,
                        21.5453,
                        4.02949,
                        12.3656,
                        28.9141,
                        4.02949,
                        12.3656,
                        28.9141,
                        -20.7015,
                        -12.3654,
                        28.9141,
                        4.0295,
                        12.3656,
                        28.9141,
                        4.02949,
                        12.3656,
                        28.9141,
                        -20.7015,
                        -12.3654,
                        28.9141,
                        -20.7015
                    ]
                },
                "normal": {
                    "type": "float32",
                    "components": 3,