{"version":2,"count":164037,"means":{"mins":[-0.26742572377276613,-0.25338165739247165,-0.2644155940836903],"maxs":[0.2568382399674546,-0.02493963460788362,0.2602352004383349],"files":["means_l.webp","means_u.webp"]},"scales":{"codebook":[-13.928295135498047,-13.56932544708252,-13.243936538696289,-13.216344833374023,-13.182232856750488,-13.124942779541016,-13.033404350280762,-12.92934799194336,-12.818345069885254,-12.76618480682373,-12.740660667419434,-12.713104248046875,-12.646377563476562,-12.62026596069336,-12.57228946685791,-12.52681827545166,-12.483051300048828,-12.436447143554688,-12.399068832397461,-12.354863166809082,-12.302684783935547,-12.264180183410645,-12.21955680847168,-12.178116798400879,-12.137185096740723,-12.098328590393066,-12.057636260986328,-12.031243324279785,-11.986016273498535,-11.936186790466309,-11.892045021057129,-11.853184700012207,-11.807002067565918,-11.762945175170898,-11.709827423095703,-11.663492202758789,-11.623946189880371,-11.582134246826172,-11.529361724853516,-11.476914405822754,-11.427957534790039,-11.388072967529297,-11.349915504455566,-11.31286334991455,-11.2695951461792,-11.224465370178223,-11.186447143554688,-11.148452758789062,-11.109241485595703,-11.07032299041748,-11.031041145324707,-10.991557121276855,-10.952314376831055,-10.9138822555542,-10.871170043945312,-10.824518203735352,-10.780989646911621,-10.741935729980469,-10.70311164855957,-10.667939186096191,-10.640420913696289,-10.608820915222168,-10.57787036895752,-10.55040168762207,-10.51972484588623,-10.484264373779297,-10.453055381774902,-10.42955493927002,-10.402669906616211,-10.363890647888184,-10.316791534423828,-10.26931381225586,-10.226661682128906,-10.186797142028809,-10.148686408996582,-10.117059707641602,-10.086073875427246,-10.046854019165039,-10.007465362548828,-9.967955589294434,-9.929311752319336,-9.894268989562988,-9.8587007522583,-9.828095436096191,-9.800883293151855,-9.761808395385742,-9.718274116516113,-9.687399864196777,-9.66400146484375,-9.644659996032715,-9.621255874633789,-9.590826034545898,-9.55569839477539,-9.51218318939209,-9.469354629516602,-9.430097579956055,-9.386908531188965,-9.343995094299316,-9.308794975280762,-9.281240463256836,-9.24939250946045,-9.21843147277832,-9.195258140563965,-9.168008804321289,-9.132843017578125,-9.101778984069824,-9.070274353027344,-9.030561447143555,-8.992040634155273,-8.953049659729004,-8.910423278808594,-8.866592407226562,-8.827917098999023,-8.788612365722656,-8.761539459228516,-8.742040634155273,-8.718513488769531,-8.687355995178223,-8.648161888122559,-8.609224319458008,-8.569856643676758,-8.535318374633789,-8.496221542358398,-8.448853492736816,-8.406136512756348,-8.366950035095215,-8.324390411376953,-8.277364730834961,-8.234248161315918,-8.195150375366211,-8.160018920898438,-8.136754989624023,-8.109533309936523,-8.070369720458984,-8.03902530670166,-8.010586738586426,-7.978564262390137,-7.949115753173828,-7.9197821617126465,-7.890506267547607,-7.865268707275391,-7.837703704833984,-7.808741569519043,-7.781222343444824,-7.750149250030518,-7.714535713195801,-7.677770614624023,-7.64041805267334,-7.603539943695068,-7.562432765960693,-7.521292209625244,-7.4861955642700195,-7.453030109405518,-7.418001651763916,-7.382997512817383,-7.345714092254639,-7.306707382202148,-7.265798091888428,-7.222507953643799,-7.179422378540039,-7.136695384979248,-7.0959930419921875,-7.054716110229492,-7.0159525871276855,-6.980592250823975,-6.947237491607666,-6.919886112213135,-6.892690658569336,-6.863164901733398,-6.835779666900635,-6.808663845062256,-6.779436111450195,-6.746081352233887,-6.709042072296143,-6.669972896575928,-6.629051685333252,-6.586297035217285,-6.543020248413086,-6.500264644622803,-6.456935405731201,-6.416281700134277,-6.380577564239502,-6.3514275550842285,-6.3226847648620605,-6.287262916564941,-6.246409893035889,-6.203542709350586,-6.16243839263916,-6.121355056762695,-6.078204154968262,-6.035377502441406,-5.992280960083008,-5.949734210968018,-5.906856536865234,-5.863336563110352,-5.824326038360596,-5.792859077453613,-5.763838291168213,-5.730128765106201,-5.6934051513671875,-5.652736663818359,-5.609951496124268,-5.566305637359619,-5.525607109069824,-5.484438896179199,-5.442449569702148,-5.398486614227295,-5.355976104736328,-5.312575340270996,-5.273441791534424,-5.240426063537598,-5.208280086517334,-5.177963733673096,-5.143664360046387,-5.102614402770996,-5.057507514953613,-5.013724327087402,-4.9737420082092285,-4.9295878410339355,-4.8867645263671875,-4.846954822540283,-4.805668830871582,-4.762233257293701,-4.718771934509277,-4.67690372467041,-4.630864143371582,-4.5933146476745605,-4.550944805145264,-4.507289409637451,-4.4655609130859375,-4.423496723175049,-4.379622936248779,-4.334713935852051,-4.2953386306762695,-4.255195617675781,-4.212497234344482,-4.170535564422607,-4.131888389587402,-4.082748889923096,-4.0541558265686035,-3.992854118347168,-3.9453463554382324,-3.919032335281372,-3.882694721221924,-3.83198881149292,-3.7871124744415283,-3.7440593242645264,-3.7054760456085205,-3.6196889877319336,-3.568336009979248,-3.531062364578247,-3.5028347969055176,-3.4358816146850586,-3.380525827407837,-3.2098641395568848,-3.1066532135009766],"files":["scales.webp"]},"quats":{"files":["quats.webp"]},