{"version":2,"count":135232,"means":{"mins":[-0.2678475351508903,-0.25168577573271594,-0.2644428183964033],"maxs":[0.256837801981308,0.12802075572391183,0.26018842484256993],"files":["means_l.webp","means_u.webp"]},"scales":{"codebook":[-13.973983764648438,-13.917065620422363,-13.663484573364258,-13.28476333618164,-13.256059646606445,-13.20395278930664,-13.139693260192871,-13.005879402160645,-12.990202903747559,-12.85356330871582,-12.783797264099121,-12.74260139465332,-12.686290740966797,-12.668658256530762,-12.61158275604248,-12.57196044921875,-12.531867980957031,-12.466058731079102,-12.416651725769043,-12.376893043518066,-12.33085823059082,-12.302905082702637,-12.251431465148926,-12.209685325622559,-12.180291175842285,-12.12548542022705,-12.067913055419922,-12.023119926452637,-11.962724685668945,-11.922195434570312,-11.880531311035156,-11.843730926513672,-11.800911903381348,-11.750032424926758,-11.701556205749512,-11.655982971191406,-11.616033554077148,-11.576828956604004,-11.52104663848877,-11.467941284179688,-11.41461181640625,-11.37431526184082,-11.333145141601562,-11.279720306396484,-11.225513458251953,-11.17627239227295,-11.132425308227539,-11.093340873718262,-11.05411434173584,-11.015068054199219,-10.976113319396973,-10.937691688537598,-10.894596099853516,-10.847702026367188,-10.801115036010742,-10.749670028686523,-10.70296859741211,-10.660194396972656,-10.62075138092041,-10.589418411254883,-10.558723449707031,-10.52306079864502,-10.484042167663574,-10.445439338684082,-10.41061019897461,-10.37552547454834,-10.340071678161621,-10.30164623260498,-10.249801635742188,-10.198805809020996,-10.152517318725586,-10.109046936035156,-10.069552421569824,-10.038654327392578,-10.006860733032227,-9.967412948608398,-9.928964614868164,-9.898383140563965,-9.878972053527832,-9.848551750183105,-9.805542945861816,-9.773392677307129,-9.742575645446777,-9.703261375427246,-9.664170265197754,-9.621894836425781,-9.579218864440918,-9.53934097290039,-9.50762939453125,-9.476175308227539,-9.437097549438477,-9.3949613571167,-9.348830223083496,-9.304463386535645,-9.261770248413086,-9.210787773132324,-9.159928321838379,-9.116888046264648,-9.074631690979004,-9.027217864990234,-8.991912841796875,-8.960694313049316,-8.921638488769531,-8.879079818725586,-8.832301139831543,-8.788917541503906,-8.749814987182617,-8.714768409729004,-8.691611289978027,-8.664081573486328,-8.625279426574707,-8.589594841003418,-8.554610252380371,-8.515276908874512,-8.476515769958496,-8.44126033782959,-8.414130210876465,-8.390515327453613,-8.367196083068848,-8.343579292297363,-8.320459365844727,-8.293252944946289,-8.253706932067871,-8.20737361907959,-8.160247802734375,-8.116933822631836,-8.082002639770508,-8.054847717285156,-8.02735424041748,-7.9991559982299805,-7.970786094665527,-7.9355950355529785,-7.896526336669922,-7.856883525848389,-7.8241658210754395,-7.795074939727783,-7.761927604675293,-7.728265285491943,-7.697408199310303,-7.663832664489746,-7.630798816680908,-7.599570274353027,-7.5741448402404785,-7.548941612243652,-7.517674446105957,-7.486317157745361,-7.4551897048950195,-7.421947479248047,-7.386466026306152,-7.351423740386963,-7.320158004760742,-7.292720794677734,-7.269471168518066,-7.252019882202148,-7.236277103424072,-7.2207417488098145,-7.201220989227295,-7.169929027557373,-7.130870819091797,-7.095697402954102,-7.062367916107178,-7.025457859039307,-6.986399173736572,-6.945106029510498,-6.902417182922363,-6.85764741897583,-6.81033182144165,-6.7637786865234375,-6.718681812286377,-6.6738667488098145,-6.626904487609863,-6.581920146942139,-6.539048194885254,-6.494630336761475,-6.447425842285156,-6.400652885437012,-6.355261325836182,-6.316604137420654,-6.281205654144287,-6.2480621337890625,-6.213074207305908,-6.171816825866699,-6.133023262023926,-6.098109245300293,-6.064338684082031,-6.037123680114746,-6.013732433319092,-5.9825825691223145,-5.941367149353027,-5.900543212890625,-5.857993125915527,-5.8131184577941895,-5.767590045928955,-5.722512245178223,-5.680557727813721,-5.642409324645996,-5.609307289123535,-5.5746893882751465,-5.5377583503723145,-5.4947829246521,-5.447782516479492,-5.402349472045898,-5.36013126373291,-5.3151679039001465,-5.267526626586914,-5.222577095031738,-5.178066253662109,-5.132775783538818,-5.08809757232666,-5.040761947631836,-4.994457721710205,-4.946778774261475,-4.9016265869140625,-4.859571933746338,-4.815104961395264,-4.769828796386719,-4.725083351135254,-4.677450656890869,-4.632020950317383,-4.584446907043457,-4.542893409729004,-4.498132228851318,-4.451888084411621,-4.406491756439209,-4.362525463104248,-4.3175201416015625,-4.2740797996521,-4.223689556121826,-4.183030605316162,-4.134387969970703,-4.083672046661377,-4.043461799621582,-3.997434616088867,-3.9578144550323486,-3.912102460861206,-3.865612745285034,-3.8265888690948486,-3.776448965072632,-3.732388973236084,-3.694568395614624,-3.6321511268615723,-3.580029010772705,-3.543529510498047,-3.499340057373047,-3.459685802459717,-3.3876099586486816,-3.3633644580841064,-3.3223259449005127,-3.2819063663482666,-3.220508337020874,-3.004903554916382,-2.9765219688415527,-2.9276013374328613,-2.8621644973754883,-2.8208539485931396,-2.4112839698791504],"files":["scales.webp"]},"quats":{"files":["quats.webp"]},