{"version":2,"count":92802,"means":{"mins":[-0.26783387815464976,-0.2456016293437251,-0.26440205028397984],"maxs":[0.2568412828132826,0.10616795099509986,0.26026713340465474],"files":["means_l.webp","means_u.webp"]},"scales":{"codebook":[-11.523843765258789,-11.255806922912598,-10.969941139221191,-10.93407154083252,-10.782814979553223,-10.736852645874023,-10.5985689163208,-10.541264533996582,-10.47429084777832,-10.410502433776855,-10.342581748962402,-10.307256698608398,-10.247368812561035,-10.213972091674805,-10.048818588256836,-10.033782005310059,-9.991473197937012,-9.953902244567871,-9.929498672485352,-9.902402877807617,-9.860143661499023,-9.833391189575195,-9.762091636657715,-9.726688385009766,-9.6806058883667,-9.654876708984375,-9.618315696716309,-9.602214813232422,-9.566551208496094,-9.546554565429688,-9.504441261291504,-9.472994804382324,-9.447773933410645,-9.41103458404541,-9.373176574707031,-9.348284721374512,-9.309918403625488,-9.277081489562988,-9.247163772583008,-9.2089262008667,-9.179671287536621,-9.152507781982422,-9.115079879760742,-9.076529502868652,-9.038166999816895,-9.007509231567383,-8.984031677246094,-8.961069107055664,-8.94497013092041,-8.929779052734375,-8.903120040893555,-8.86661148071289,-8.835809707641602,-8.808821678161621,-8.784383773803711,-8.76584243774414,-8.738344192504883,-8.707554817199707,-8.675512313842773,-8.644637107849121,-8.613316535949707,-8.577695846557617,-8.54296875,-8.50757884979248,-8.468321800231934,-8.433639526367188,-8.402048110961914,-8.374762535095215,-8.355405807495117,-8.336085319519043,-8.312483787536621,-8.288630485534668,-8.262035369873047,-8.230476379394531,-8.198944091796875,-8.168148040771484,-8.136673927307129,-8.105583190917969,-8.07015323638916,-8.038983345031738,-8.023553848266602,-8.004704475402832,-7.974609851837158,-7.940875053405762,-7.907846450805664,-7.8827080726623535,-7.861077785491943,-7.839802265167236,-7.820230484008789,-7.800637245178223,-7.783130645751953,-7.765590667724609,-7.744225025177002,-7.720606803894043,-7.701156139373779,-7.6895222663879395,-7.681613445281982,-7.673892021179199,-7.664052963256836,-7.656240463256836,-7.648355007171631,-7.632824897766113,-7.6132025718688965,-7.593623638153076,-7.574285507202148,-7.55473518371582,-7.539032936096191,-7.523556709289551,-7.507760524749756,-7.492242813110352,-7.476706504821777,-7.4629926681518555,-7.449188232421875,-7.437564373016357,-7.422060489654541,-7.406214714050293,-7.390712261199951,-7.37489652633667,-7.361454963684082,-7.343785285949707,-7.3222246170043945,-7.298978805541992,-7.273664951324463,-7.246240139007568,-7.222813129425049,-7.199483871459961,-7.1758222579956055,-7.158167362213135,-7.142397880554199,-7.12711763381958,-7.111166954040527,-7.093801975250244,-7.072446823120117,-7.048829555511475,-7.027316093444824,-7.007852077484131,-6.9900221824646,-6.970748424530029,-6.945505142211914,-6.918032646179199,-6.892521858215332,-6.870952129364014,-6.853477954864502,-6.83795166015625,-6.820065975189209,-6.800909996032715,-6.779411315917969,-6.753973007202148,-6.724701404571533,-6.695441722869873,-6.671865463256836,-6.654339790344238,-6.632994651794434,-6.609354496002197,-6.589898586273193,-6.572436332702637,-6.556644439697266,-6.539311408996582,-6.517507076263428,-6.494140625,-6.468691825866699,-6.441705226898193,-6.412261486053467,-6.384579181671143,-6.35929012298584,-6.331928253173828,-6.306915283203125,-6.281175136566162,-6.252388954162598,-6.221266269683838,-6.1895856857299805,-6.156529903411865,-6.123249530792236,-6.091934680938721,-6.060720920562744,-6.029345989227295,-5.996396541595459,-5.962778091430664,-5.93179988861084,-5.900330543518066,-5.86970329284668,-5.83587121963501,-5.801132678985596,-5.769374370574951,-5.7425312995910645,-5.716190338134766,-5.693498611450195,-5.670088768005371,-5.643187522888184,-5.61353063583374,-5.587761878967285,-5.568452835083008,-5.5455641746521,-5.514071941375732,-5.480560779571533,-5.448913097381592,-5.425805568695068,-5.404699325561523,-5.381302833557129,-5.353718280792236,-5.324090957641602,-5.295588493347168,-5.261660575866699,-5.231358051300049,-5.203837871551514,-5.180060863494873,-5.155636310577393,-5.130421161651611,-5.100226402282715,-5.069155216217041,-5.038320541381836,-5.006621837615967,-4.973501682281494,-4.945122241973877,-4.910279273986816,-4.87916898727417,-4.845387935638428,-4.809964656829834,-4.77982759475708,-4.74912166595459,-4.714990139007568,-4.686595916748047,-4.654967308044434,-4.625607490539551,-4.588678359985352,-4.555109024047852,-4.518788814544678,-4.492037296295166,-4.460609436035156,-4.434263706207275,-4.398622989654541,-4.372027397155762,-4.3399810791015625,-4.300105571746826,-4.26572322845459,-4.2328314781188965,-4.1968674659729,-4.165284156799316,-4.13774299621582,-4.10780143737793,-4.0802202224731445,-4.049098491668701,-4.017535209655762,-3.9782958030700684,-3.948948383331299,-3.9202990531921387,-3.8933238983154297,-3.8007586002349854,-3.7532942295074463,-3.7201781272888184,-3.700651168823242,-3.659940242767334,-3.629737377166748,-3.5705833435058594,-3.433734893798828,-3.3787012100219727],"files":["scales.webp"]},"quats":{"files":["quats.webp"]},