{"version":2,"count":26895,"means":{"mins":[-0.30002268348365113,-0.2435516065420703,-0.3000242289146418],"maxs":[0.3000733282216428,0.39695264286555754,0.2998704026641019],"files":["means_l.webp","means_u.webp"]},"scales":{"codebook":[-21.581701278686523,-21.488168716430664,-21.430280685424805,-21.341707229614258,-21.304454803466797,-21.214630126953125,-21.14274787902832,-21.05906105041504,-20.981565475463867,-20.89183807373047,-20.812442779541016,-20.758739471435547,-20.690950393676758,-20.60646629333496,-20.52747344970703,-20.452680587768555,-20.369253158569336,-20.29254722595215,-20.228374481201172,-20.155744552612305,-20.077909469604492,-20.00012969970703,-19.920339584350586,-19.840879440307617,-19.773662567138672,-19.704294204711914,-19.626977920532227,-19.548053741455078,-19.469585418701172,-19.38844871520996,-19.310693740844727,-19.2324161529541,-19.1541690826416,-19.077627182006836,-19.00826644897461,-18.936141967773438,-18.859479904174805,-18.779882431030273,-18.711170196533203,-18.640483856201172,-18.563682556152344,-18.48568344116211,-18.4085693359375,-18.327844619750977,-18.248462677001953,-18.180620193481445,-18.110801696777344,-18.032974243164062,-17.953975677490234,-17.87462615966797,-17.80636978149414,-17.735824584960938,-17.657512664794922,-17.577360153198242,-17.501731872558594,-17.423049926757812,-17.34297752380371,-17.265588760375977,-17.197612762451172,-17.12528419494629,-17.046457290649414,-16.969436645507812,-16.888341903686523,-16.811384201049805,-16.742290496826172,-16.66883087158203,-16.595125198364258,-16.513036727905273,-16.437381744384766,-16.368675231933594,-16.298433303833008,-16.217512130737305,-16.14008140563965,-16.060535430908203,-15.984012603759766,-15.913021087646484,-15.830779075622559,-15.757645606994629,-15.684250831604004,-15.605026245117188,-15.52882194519043,-15.448578834533691,-15.373553276062012,-15.301403999328613,-15.225540161132812,-15.152375221252441,-15.07453441619873,-14.988930702209473,-14.913775444030762,-14.842741012573242,-14.770495414733887,-14.693259239196777,-14.623228073120117,-14.547062873840332,-14.473676681518555,-14.391378402709961,-14.316513061523438,-14.241049766540527,-14.168863296508789,-14.09038257598877,-14.011616706848145,-13.93635082244873,-13.863853454589844,-13.7885103225708,-13.715336799621582,-13.635772705078125,-13.56005859375,-13.488327026367188,-13.411945343017578,-13.334672927856445,-13.254293441772461,-13.179620742797852,-13.105949401855469,-13.031304359436035,-12.958282470703125,-12.87972354888916,-12.805999755859375,-12.731502532958984,-12.647221565246582,-12.565485954284668,-12.492241859436035,-12.421832084655762,-12.34998607635498,-12.279034614562988,-12.198341369628906,-12.121359825134277,-12.04845905303955,-11.973793983459473,-11.896641731262207,-11.815457344055176,-11.741884231567383,-11.669431686401367,-11.584824562072754,-11.502954483032227,-11.42885971069336,-11.357260704040527,-11.28591251373291,-11.2094144821167,-11.13683795928955,-11.053799629211426,-10.975359916687012,-10.906354904174805,-10.837194442749023,-10.761853218078613,-10.684109687805176,-10.609736442565918,-10.535409927368164,-10.457444190979004,-10.377772331237793,-10.301676750183105,-10.225433349609375,-10.153343200683594,-10.079668998718262,-10.005794525146484,-9.924309730529785,-9.851603507995605,-9.777776718139648,-9.69987964630127,-9.621905326843262,-9.546900749206543,-9.473725318908691,-9.394710540771484,-9.317612648010254,-9.241825103759766,-9.168752670288086,-9.090851783752441,-9.012195587158203,-8.935885429382324,-8.86511516571045,-8.781774520874023,-8.703750610351562,-8.631145477294922,-8.559024810791016,-8.484627723693848,-8.411977767944336,-8.331255912780762,-8.257719993591309,-8.184837341308594,-8.110344886779785,-8.036108016967773,-7.956752300262451,-7.876830101013184,-7.8076701164245605,-7.732658386230469,-7.657570838928223,-7.581082820892334,-7.5029778480529785,-7.428147792816162,-7.347930908203125,-7.273160457611084,-7.198825359344482,-7.123339653015137,-7.044383525848389,-6.967577934265137,-6.894192695617676,-6.820532321929932,-6.746091842651367,-6.67171049118042,-6.599531650543213,-6.535521507263184,-6.476395606994629,-6.413129806518555,-6.346151351928711,-6.275272846221924,-6.206543922424316,-6.138809680938721,-6.066885948181152,-5.996323108673096,-5.934917449951172,-5.880900859832764,-5.822308540344238,-5.7559404373168945,-5.683209419250488,-5.6095380783081055,-5.536532402038574,-5.459639072418213,-5.382867336273193,-5.3116960525512695,-5.233780384063721,-5.1570916175842285,-5.082846641540527,-5.007393836975098,-4.9314374923706055,-4.856953144073486,-4.77971076965332,-4.7032551765441895,-4.6249189376831055,-4.551789283752441,-4.475693702697754,-4.402193069458008,-4.325323104858398,-4.249779224395752,-4.181612491607666,-4.099740028381348,-4.023392200469971,-3.9528939723968506,-3.8836095333099365,-3.7970826625823975,-3.7181408405303955,-3.640685558319092,-3.542673349380493,-3.465996503829956,-3.4288017749786377,-3.3504557609558105,-3.28007435798645,-3.1857950687408447,-3.115405321121216,-3.012641429901123,-2.950143814086914,-2.8715662956237793,-2.774488925933838,-2.7201883792877197,-2.6728146076202393,-2.498994827270508,-2.417186737060547,-2.2801289558410645],"files":["scales.webp"]},"quats":{"files":["quats.webp"]},