{
  "means": {
    "shape": [
      306916,
      3
    ],
    "dtype": "float32",
    "mins": [
      -0.9301150441169739,
      -1.3301652669906616,
      -0.4554134011268616
    ],
    "maxs": [
      0.9301150441169739,
      0.2590264678001404,
      0.4554133415222168
    ],
    "files": [
      "means_l.webp",
      "means_u.webp"
    ]
  },
  "scales": {
    "shape": [
      306916,
      3
    ],
    "dtype": "float32",
    "mins": [
      -12.92127513885498,
      -15.451732635498047,
      -13.233880043029785
    ],
    "maxs": [
      -1.051078200340271,
      -1.254453420639038,
      -0.9433848857879639
    ],
    "files": [
      "scales.webp"
    ]
  },
  "quats": {
    "shape": [
      306916,
      4
    ],
    "dtype": "uint8",
    "encoding": "quaternion_packed",
    "files": [
      "quats.webp"
    ]
  },
  "sh0": {
    "shape": [
      306916,
      1,
      4
    ],
    "dtype": "float32",
    "mins": [
      -2.005241870880127,
      -2.3660991191864014,
      -2.438861131668091,
      -3.725693464279175
    ],
    "maxs": [
      3.430694103240967,
      2.5441253185272217,
      3.2514920234680176,
      5.537334442138672
    ],
    "files": [
      "sh0.webp"
    ]
  }
}