{"version":2,"count":139651,"means":{"mins":[-0.2678499518954096,-0.2540803380591074,-0.26429227467934474],"maxs":[0.2568364649697791,-0.01833976992560468,0.2602698671867595],"files":["means_l.webp","means_u.webp"]},"scales":{"codebook":[-12.305065155029297,-11.826172828674316,-11.725191116333008,-11.626091003417969,-11.551833152770996,-11.481368064880371,-11.40015983581543,-11.37289810180664,-11.316154479980469,-11.250223159790039,-11.199074745178223,-11.174891471862793,-11.123318672180176,-11.09768009185791,-11.058789253234863,-11.029667854309082,-10.99056339263916,-10.952259063720703,-10.918586730957031,-10.880690574645996,-10.842284202575684,-10.804421424865723,-10.76963996887207,-10.733769416809082,-10.6937837600708,-10.655774116516113,-10.62017822265625,-10.593866348266602,-10.56978988647461,-10.543139457702637,-10.512030601501465,-10.476391792297363,-10.44143009185791,-10.410545349121094,-10.375359535217285,-10.340353965759277,-10.30894660949707,-10.273674964904785,-10.23887825012207,-10.203737258911133,-10.16779899597168,-10.13211727142334,-10.092616081237793,-10.05349349975586,-10.014236450195312,-9.979530334472656,-9.952722549438477,-9.933385848999023,-9.921761512756348,-9.906068801879883,-9.882769584655762,-9.86328125,-9.843978881835938,-9.820745468139648,-9.804763793945312,-9.789508819580078,-9.76601791381836,-9.742376327514648,-9.726473808288574,-9.707529067993164,-9.679612159729004,-9.65261459350586,-9.625528335571289,-9.60171127319336,-9.578422546386719,-9.551369667053223,-9.515220642089844,-9.480419158935547,-9.453278541564941,-9.429494857788086,-9.414101600646973,-9.402466773986816,-9.379172325134277,-9.34456729888916,-9.308940887451172,-9.273580551147461,-9.23857307434082,-9.202967643737793,-9.167675018310547,-9.140891075134277,-9.116952896118164,-9.090110778808594,-9.062456130981445,-9.035331726074219,-9.000068664550781,-8.960590362548828,-8.921642303466797,-8.886425018310547,-8.85942554473877,-8.839685440063477,-8.824433326721191,-8.812439918518066,-8.800954818725586,-8.777205467224121,-8.749978065490723,-8.722784996032715,-8.687023162841797,-8.648282051086426,-8.60953426361084,-8.570152282714844,-8.538981437683105,-8.511780738830566,-8.480497360229492,-8.445192337036133,-8.409510612487793,-8.379154205322266,-8.343854904174805,-8.30833625793457,-8.277667999267578,-8.245628356933594,-8.218653678894043,-8.191136360168457,-8.164085388183594,-8.13694953918457,-8.105629920959473,-8.070284843444824,-8.035164833068848,-8.001049041748047,-7.964757442474365,-7.933791637420654,-7.912096977233887,-7.896432399749756,-7.87695837020874,-7.853550910949707,-7.828150749206543,-7.802577495574951,-7.7794365882873535,-7.752106189727783,-7.7207207679748535,-7.689433574676514,-7.65821647644043,-7.630819320678711,-7.609420299530029,-7.5956034660339355,-7.585788726806641,-7.568435192108154,-7.544752597808838,-7.519446849822998,-7.494026184082031,-7.470833778381348,-7.445319652557373,-7.418056964874268,-7.392482757568359,-7.37109899520874,-7.345706939697266,-7.312292098999023,-7.2794413566589355,-7.246260643005371,-7.211277484893799,-7.176041603088379,-7.1424455642700195,-7.118958473205566,-7.103682518005371,-7.087963581085205,-7.070254325866699,-7.050750255584717,-7.031181335449219,-7.011784553527832,-6.988349437713623,-6.96284818649292,-6.9432148933410645,-6.925770282745361,-6.90830135345459,-6.8867058753967285,-6.859472751617432,-6.832113265991211,-6.806606292724609,-6.789090156555176,-6.775473594665527,-6.752028942108154,-6.722506523132324,-6.693382740020752,-6.660114765167236,-6.624952793121338,-6.593948841094971,-6.570083141326904,-6.547116279602051,-6.517768859863281,-6.486545085906982,-6.453262805938721,-6.420112609863281,-6.3867902755737305,-6.351728916168213,-6.316672325134277,-6.281307697296143,-6.246240615844727,-6.2128987312316895,-6.179497241973877,-6.144783973693848,-6.109938144683838,-6.078464031219482,-6.052949905395508,-6.031175136566162,-6.0061516761779785,-5.972902297973633,-5.939610481262207,-5.910303115844727,-5.886830806732178,-5.863548755645752,-5.834518909454346,-5.800443172454834,-5.766096115112305,-5.73138952255249,-5.695588111877441,-5.6625847816467285,-5.629136562347412,-5.593948841094971,-5.557951927185059,-5.523803234100342,-5.492316722869873,-5.468267440795898,-5.444645881652832,-5.4162468910217285,-5.382162570953369,-5.34761905670166,-5.314905643463135,-5.283725261688232,-5.2512688636779785,-5.215686321258545,-5.181288719177246,-5.14539098739624,-5.115279197692871,-5.078486442565918,-5.04317045211792,-5.00772762298584,-4.972930908203125,-4.938112258911133,-4.9053730964660645,-4.872466087341309,-4.838797092437744,-4.801947116851807,-4.765140056610107,-4.732795238494873,-4.700089454650879,-4.663237571716309,-4.632279872894287,-4.593464374542236,-4.560799598693848,-4.528310775756836,-4.4878129959106445,-4.462584495544434,-4.4205851554870605,-4.387836456298828,-4.353878974914551,-4.311771392822266,-4.280143737792969,-4.245813369750977,-4.21307373046875,-4.168290615081787,-4.133310317993164,-3.930537223815918,-3.7221312522888184,-3.703399181365967,-3.637350559234619,-3.5724449157714844,-3.5289950370788574],"files":["scales.webp"]},"quats":{"files":["quats.webp"]},